GivenNames,FamilyName,Gender,BirthDate
Lillian,Howell,Female,1964-07-20
Deborah,Burke,Female,1974-10-27
Paul,Jackson,Male,1958-02-28
Julia,Diaz,Female,1988-07-05
Juan,White,Male,1991-06-14
Pamela,Ortiz,Female,1957-06-05
Rose,Hall,Female,1989-08-25
Ronald,Stephens,Male,1989-04-29
Thomas,Edwards,Male,1968-11-14
Virginia,Andrews,Female,1994-08-18
Lawrence,Hall,Male,1961-03-17
Richard,Arnold,Male,1987-04-30
Joyce,Bishop,Female,1965-11-12
Stephen,White,Male,1983-08-13
Katherine,Olson,Female,1970-09-28
Adam,Henry,Male,1990-02-21
Barbara,Black,Female,1977-08-23
Sandra,Walker,Female,1975-12-06
Carlos,Ramirez,Male,1992-10-24
Laura,Carr,Female,1975-12-01
Stephen,Ortiz,Male,1985-05-13
Willie,Young,Male,1992-02-15
Evelyn,Lynch,Female,1990-07-31
Diana,Gonzalez,Female,1967-05-25
Bobby,Duncan,Male,1981-09-05
Raymond,Bryant,Male,1990-12-08
Ruth,Mccoy,Female,1994-05-09
Frank,Pierce,Male,1973-10-18
Gary,Barnes,Male,1977-11-03
Dennis,Jacobs,Male,1973-03-03
Katherine,Wood,Female,1992-01-03
Carol,Hall,Female,1994-02-15
George,Burton,Male,1968-09-12
Ryan,Coleman,Male,1984-06-01
Matthew,Kelly,Male,1959-07-31
Carlos,Dunn,Male,1988-08-25
Rose,Richardson,Female,1994-11-10
Pamela,Foster,Female,1964-07-05
Jeffrey,Barnes,Male,1974-11-18
Virginia,Hayes,Female,1973-07-04
Jack,Martinez,Male,1958-05-16
Karen,Cruz,Female,1965-12-23
Ryan,Evans,Male,1969-05-28
Nancy,Larson,Female,1994-09-09
Andrew,Stevens,Male,1980-11-19
Tammy,Sims,Female,1960-05-20
Martin,Lewis,Male,1971-06-05
Eugene,Armstrong,Male,1991-12-06
Anthony,Graham,Male,1970-10-25
Nancy,Graham,Female,1978-07-02
Evelyn,Stone,Female,1973-02-12
Phyllis,Nichols,Female,1966-07-01
Ruth,Stevens,Female,1961-12-02
Sharon,Porter,Female,1978-08-12
Roy,George,Male,1958-10-30
Melissa,Baker,Female,1969-03-19
Shawn,Lawson,Male,1987-05-17
Lillian,Harvey,Female,1978-03-12
Christopher,Snyder,Male,1977-02-26
Julia,Hawkins,Female,1991-01-28
Angela,Lawson,Female,1959-06-28
Michelle,Thompson,Female,1984-02-08
David,Kelly,Male,1993-05-07
Gregory,Campbell,Male,1979-06-27
Dennis,Turner,Male,1995-01-28
Scott,Hayes,Male,1980-09-24
Alice,Watson,Female,1988-11-22
Douglas,Fernandez,Male,1964-09-30
Justin,Morales,Male,1962-05-28
Joan,Elliott,Female,1986-09-08
Sarah,Harris,Female,1973-08-05
Tina,Ortiz,Female,1962-08-31
Howard,Washington,Male,1977-12-06
Frances,Owens,Female,1990-06-16
Catherine,Davis,Female,1974-03-27
Ruth,Reid,Female,1965-10-22
Randy,Warren,Male,1972-11-21
Kathryn,Richards,Female,1979-09-16
Linda,Frazier,Female,1960-10-30
Keith,Ross,Male,1963-01-04
John,Burke,Male,1960-08-15
Todd,Kelly,Male,1961-04-01
Robin,White,Female,1957-12-02
Angela,Anderson,Female,1970-10-21
Ronald,Ellis,Male,1978-11-15
Mark,Jordan,Male,1962-02-11
Barbara,Andrews,Female,1955-07-06
Nicole,Jacobs,Female,1988-10-03
Katherine,Young,Female,1988-06-10
Christine,Dixon,Female,1976-05-16
Earl,Carroll,Male,1969-03-02
Ruth,Jenkins,Female,1992-12-10
James,Robertson,Male,1966-09-08
Chris,Evans,Male,1989-03-12
Eric,Willis,Male,1960-09-08
Diane,Bradley,Female,1979-02-13
Frances,Hunter,Female,1972-01-17
Paul,Robinson,Male,1960-03-03
Jose,Phillips,Male,1962-12-29
Jason,King,Male,1984-05-06
